"","year","country","birth_rate","dead_rate","data_1p_gdp","continent"
"1",1960,"대한민국",6.33,95.7,79,"아시아"
"2",1965,"대한민국",5.6,73.4,108,"아시아"
"3",1970,"대한민국",4.65,56.5,253,"아시아"
"4",1975,"대한민국",4,38.7,618,"아시아"
"5",1980,"대한민국",2.92,33.6,1714,"아시아"
"6",1985,"대한민국",2.23,25.2,2481,"아시아"
"7",1990,"대한민국",1.57,15.6,6608,"아시아"
"8",1995,"대한민국",1.68,10.3,12569,"아시아"
"9",2000,"대한민국",1.5,6.9,12261,"아시아"
"10",2005,"대한민국",1.21,5,19399,"아시아"
"11",2010,"대한민국",1.17,3.5,23083,"아시아"
"12",2015,"대한민국",1.23,3,28724,"아시아"
"13",2020,"대한민국",1.11,2.1,31637,"아시아"
"14",1960,"이스라엘",3.89,33,1229,"아시아"
"15",1965,"이스라엘",3.85,28.3,1429,"아시아"
"16",1970,"이스라엘",3.78,24.3,0,"아시아"
"17",1975,"이스라엘",3.81,20.7,0,"아시아"
"18",1980,"이스라엘",3.47,17.1,0,"아시아"
"19",1985,"이스라엘",3.13,13.7,0,"아시아"
"20",1990,"이스라엘",3.07,10.7,0,"아시아"
"21",1995,"이스라엘",2.93,8.5,18167,"아시아"
"22",2000,"이스라엘",2.93,6.2,21101,"아시아"
"23",2005,"이스라엘",2.91,5,20586,"아시아"
"24",2010,"이스라엘",2.93,4,30694,"아시아"
"25",2015,"이스라엘",3.04,3.4,35814,"아시아"
"26",2020,"이스라엘",3.04,2.7,43611,"아시아"
"27",1960,"일본",2.17,36.1,475,"아시아"
"28",1965,"일본",2.03,24.7,929,"아시아"
"29",1970,"일본",2.04,15.9,2056,"아시아"
"30",1975,"일본",2.13,11.6,4674,"아시아"
"31",1980,"일본",1.83,8.5,9463,"아시아"
"32",1985,"일본",1.76,6.4,11577,"아시아"
"33",1990,"일본",1.65,4.9,25371,"아시아"
"34",1995,"일본",1.48,4.4,43429,"아시아"
"35",2000,"일본",1.37,3.7,38532,"아시아"
"36",2005,"일본",1.3,3,37218,"아시아"
"37",2010,"일본",1.34,2.6,44508,"아시아"
"38",2015,"일본",1.41,2.2,34524,"아시아"
"39",2020,"일본",1.37,1.8,0,"아시아"
"40",1960,"튀르키예",6.5,199.4,509,"아시아"
"41",1965,"튀르키예",6.2,178.2,386,"아시아"
"42",1970,"튀르키예",5.8,159.4,490,"아시아"
"43",1975,"튀르키예",5.39,144.9,1136,"아시아"
"44",1980,"튀르키예",4.69,120.1,1564,"아시아"
"45",1985,"튀르키예",4.11,94.9,1368,"아시아"
"46",1990,"튀르키예",3.39,73,2794,"아시아"
"47",1995,"튀르키예",2.9,56.2,2898,"아시아"
"48",2000,"튀르키예",2.65,37,4337,"아시아"
"49",2005,"튀르키예",2.37,24.7,7456,"아시아"
"50",2010,"튀르키예",2.2,16.4,10743,"아시아"
"51",2015,"튀르키예",2.12,11.8,11006,"아시아"
"52",2020,"튀르키예",2.08,8.9,8538,"아시아"
"53",1960,"캐나다",3.88,32,2259,"북아메리카"
"54",1965,"캐나다",3.68,26,2770,"북아메리카"
"55",1970,"캐나다",2.61,20.9,4122,"북아메리카"
"56",1975,"캐나다",1.98,16.3,7511,"북아메리카"
"57",1980,"캐나다",1.73,12.2,11171,"북아메리카"
"58",1985,"캐나다",1.63,9,14115,"북아메리카"
"59",1990,"캐나다",1.62,7.4,21448,"북아메리카"
"60",1995,"캐나다",1.69,6.2,20614,"북아메리카"
"61",2000,"캐나다",1.56,5.4,24271,"북아메리카"
"62",2005,"캐나다",1.52,5.3,36383,"북아메리카"
"63",2010,"캐나다",1.64,5.1,47562,"북아메리카"
"64",2015,"캐나다",1.6,4.6,43596,"북아메리카"
"65",2020,"캐나다",1.53,4.5,43242,"북아메리카"
"66",1960,"멕시코",6.78,101.3,345,"북아메리카"
"67",1965,"멕시코",6.75,87.9,495,"북아메리카"
"68",1970,"멕시코",6.75,79.3,690,"북아메리카"
"69",1975,"멕시코",6.32,68.9,1476,"북아메리카"
"70",1980,"멕시코",5.33,56.8,3027,"북아메리카"
"71",1985,"멕시코",4.37,47,2569,"북아메리카"
"72",1990,"멕시코",3.75,39.5,3112,"북아메리카"
"73",1995,"멕시코",3.23,33.1,3928,"북아메리카"
"74",2000,"멕시코",2.85,25,7158,"북아메리카"
"75",2005,"멕시코",2.61,20.1,8278,"북아메리카"
"76",2010,"멕시코",2.4,17.1,9271,"북아메리카"
"77",2015,"멕시코",2.29,15.2,9617,"북아메리카"
"78",2020,"멕시코",2.14,13.5,8347,"북아메리카"
"79",1960,"미국",3.58,27.2,3007,"북아메리카"
"80",1965,"미국",3.23,25.1,3828,"북아메리카"
"81",1970,"미국",2.54,22.3,5234,"북아메리카"
"82",1975,"미국",2.03,17.8,7801,"북아메리카"
"83",1980,"미국",1.77,14.1,12575,"북아메리카"
"84",1985,"미국",1.8,11.4,18237,"북아메리카"
"85",1990,"미국",1.91,10.3,23889,"북아메리카"
"86",1995,"미국",2.03,8.7,28691,"북아메리카"
"87",2000,"미국",2,7.4,36335,"북아메리카"
"88",2005,"미국",2.04,7,44115,"북아메리카"
"89",2010,"미국",2.06,6.8,48467,"북아메리카"
"90",2015,"미국",1.88,6,56863,"북아메리카"
"91",2020,"미국",1.78,5.8,63544,"북아메리카"
"92",1960,"칠레",4.75,118,505,"남아메리카"
"93",1965,"칠레",4.58,107.4,670,"남아메리카"
"94",1970,"칠레",4.08,88.1,933,"남아메리카"
"95",1975,"칠레",3.47,66.6,720,"남아메리카"
"96",1980,"칠레",2.94,44.1,2543,"남아메리카"
"97",1985,"칠레",2.63,24.6,1444,"남아메리카"
"98",1990,"칠레",2.6,18,2495,"남아메리카"
"99",1995,"칠레",2.52,14,5107,"남아메리카"
"100",2000,"칠레",2.2,11.1,5075,"남아메리카"
"101",2005,"칠레",1.95,8.3,7599,"남아메리카"
"102",2010,"칠레",1.9,7.7,12808,"남아메리카"
"103",2015,"칠레",1.85,7.2,13574,"남아메리카"
"104",2020,"칠레",1.65,6.7,13232,"남아메리카"
"105",1960,"콜롬비아",6.68,100,251,"남아메리카"
"106",1965,"콜롬비아",6.64,85.8,308,"남아메리카"
"107",1970,"콜롬비아",5.86,74.7,335,"남아메리카"
"108",1975,"콜롬비아",4.72,63.2,544,"남아메리카"
"109",1980,"콜롬비아",4.16,49.8,1242,"남아메리카"
"110",1985,"콜롬비아",3.58,37.9,1165,"남아메리카"
"111",1990,"콜롬비아",3.17,30.7,1445,"남아메리카"
"112",1995,"콜롬비아",3.01,26.4,2540,"남아메리카"
"113",2000,"콜롬비아",2.7,22.5,2520,"남아메리카"
"114",2005,"콜롬비아",2.44,19.5,3414,"남아메리카"
"115",2010,"콜롬비아",2.1,16.9,6337,"남아메리카"
"116",2015,"콜롬비아",1.92,14.4,6176,"남아메리카"
"117",2020,"콜롬비아",1.82,12.6,5333,"남아메리카"
"118",1960,"코스타리카",6.65,92.6,381,"남아메리카"
"119",1965,"코스타리카",6.5,82.1,372,"남아메리카"
"120",1970,"코스타리카",5.26,69.6,533,"남아메리카"
"121",1975,"코스타리카",4.06,56.2,936,"남아메리카"
"122",1980,"코스타리카",3.7,35.1,2022,"남아메리카"
"123",1985,"코스타리카",3.5,22.6,1432,"남아메리카"
"124",1990,"코스타리카",3.41,17.4,1831,"남아메리카"
"125",1995,"코스타리카",3.07,14.6,3266,"남아메리카"
"126",2000,"코스타리카",2.61,12.4,3789,"남아메리카"
"127",2005,"코스타리카",2.15,10.9,4676,"남아메리카"
"128",2010,"코스타리카",1.94,10,8227,"남아메리카"
"129",2015,"코스타리카",1.85,9.3,11643,"남아메리카"
"130",2020,"코스타리카",1.76,7.3,12077,"남아메리카"
"131",1960,"오스트리아",2.57,42.3,935,"유럽"
"132",1965,"오스트리아",2.78,31.8,1375,"유럽"
"133",1970,"오스트리아",2.57,26.1,2059,"유럽"
"134",1975,"오스트리아",2.04,23.8,5286,"유럽"
"135",1980,"오스트리아",1.65,16.2,10870,"유럽"
"136",1985,"오스트리아",1.6,12.2,9172,"유럽"
"137",1990,"오스트리아",1.45,9.2,21681,"유럽"
"138",1995,"오스트리아",1.48,6.9,30326,"유럽"
"139",2000,"오스트리아",1.39,4.7,24564,"유럽"
"140",2005,"오스트리아",1.38,4.5,38403,"유럽"
"141",2010,"오스트리아",1.4,3.8,46858,"유럽"
"142",2015,"오스트리아",1.45,3.3,44178,"유럽"
"143",2020,"오스트리아",1.53,3.2,48105,"유럽"
"144",1960,"벨기에",2.5,34.5,1274,"유럽"
"145",1965,"벨기에",2.65,27,1836,"유럽"
"146",1970,"벨기에",2.39,22.3,2766,"유럽"
"147",1975,"벨기에",2.01,18.2,6701,"유럽"
"148",1980,"벨기에",1.7,13.7,12864,"유럽"
"149",1985,"벨기에",1.6,10.7,8751,"유럽"
"150",1990,"벨기에",1.56,9.1,20600,"유럽"
"151",1995,"벨기에",1.61,7.8,28414,"유럽"
"152",2000,"벨기에",1.6,5.3,23042,"유럽"
"153",2005,"벨기에",1.68,4.2,36796,"유럽"
"154",2010,"벨기에",1.82,3.8,44142,"유럽"
"155",2015,"벨기에",1.78,3.5,40992,"유럽"
"156",2020,"벨기에",1.71,2.8,44594,"유럽"
"157",1960,"체코",2.38,23.3,0,"유럽"
"158",1965,"체코",2.21,20.4,0,"유럽"
"159",1970,"체코",1.96,21.6,0,"유럽"
"160",1975,"체코",2.21,20.1,0,"유럽"
"161",1980,"체코",2.36,17.4,0,"유럽"
"162",1985,"체코",1.97,14.4,0,"유럽"
"163",1990,"체코",1.9,11.3,3942,"유럽"
"164",1995,"체코",1.65,9,5824,"유럽"
"165",2000,"체코",1.17,5.5,6029,"유럽"
"166",2005,"체코",1.19,4,13431,"유럽"
"167",2010,"체코",1.43,3.1,19960,"유럽"
"168",2015,"체코",1.48,2.5,17830,"유럽"
"169",2020,"체코",1.64,2.3,22762,"유럽"
"170",1960,"덴마크",2.55,23.2,0,"유럽"
"171",1965,"덴마크",2.58,20.2,0,"유럽"
"172",1970,"덴마크",2.27,15.8,3464,"유럽"
"173",1975,"덴마크",1.96,12.1,7999,"유럽"
"174",1980,"덴마크",1.68,8.9,13884,"유럽"
"175",1985,"덴마크",1.43,7.8,12253,"유럽"
"176",1990,"덴마크",1.54,8,26891,"유럽"
"177",1995,"덴마크",1.75,6.2,35351,"유럽"
"178",2000,"덴마크",1.76,4.9,30744,"유럽"
"179",2005,"덴마크",1.76,4.5,48800,"유럽"
"180",2010,"덴마크",1.85,3.7,58041,"유럽"
"181",2015,"덴마크",1.73,3.5,53255,"유럽"
"182",2020,"덴마크",1.76,3.1,60909,"유럽"
"183",1960,"에스토니아",1.99,49.6,0,"유럽"
"184",1965,"에스토니아",1.94,33.4,0,"유럽"
"185",1970,"에스토니아",2.02,23.5,0,"유럽"
"186",1975,"에스토니아",2.15,21.1,0,"유럽"
"187",1980,"에스토니아",2.06,21.9,0,"유럽"
"188",1985,"에스토니아",2.09,20.3,0,"유럽"
"189",1990,"에스토니아",2.2,18.2,0,"유럽"
"190",1995,"에스토니아",1.63,16.3,3131,"유럽"
"191",2000,"에스토니아",1.33,12,4076,"유럽"
"192",2005,"에스토니아",1.39,7.3,10406,"유럽"
"193",2010,"에스토니아",1.66,4.7,14784,"유럽"
"194",2015,"에스토니아",1.59,3.2,17522,"유럽"
"195",2020,"에스토니아",1.59,2,23312,"유럽"
"196",1960,"핀란드",2.77,25.1,1179,"유럽"
"197",1965,"핀란드",2.66,19.2,1882,"유럽"
"198",1970,"핀란드",2.19,14.6,2466,"유럽"
"199",1975,"핀란드",1.62,11.5,6256,"유럽"
"200",1980,"핀란드",1.66,8.5,11224,"유럽"
"201",1985,"핀란드",1.69,6.4,11398,"유럽"
"202",1990,"핀란드",1.66,6,28365,"유럽"
"203",1995,"핀란드",1.82,4.9,26272,"유럽"
"204",2000,"핀란드",1.74,3.8,24285,"유럽"
"205",2005,"핀란드",1.75,3.2,39040,"유럽"
"206",2010,"핀란드",1.84,2.7,46460,"유럽"
"207",2015,"핀란드",1.77,2.1,42785,"유럽"
"208",2020,"핀란드",1.53,1.7,49041,"유럽"
"209",1960,"프랑스",2.7,32.5,1335,"유럽"
"210",1965,"프랑스",2.85,24.9,2038,"유럽"
"211",1970,"프랑스",2.65,20.4,2857,"유럽"
"212",1975,"프랑스",2.31,15.8,6691,"유럽"
"213",1980,"프랑스",1.86,11.5,12713,"유럽"
"214",1985,"프랑스",1.86,9.3,9763,"유럽"
"215",1990,"프랑스",1.8,7.9,21794,"유럽"
"216",1995,"프랑스",1.71,6.5,26890,"유럽"
"217",2000,"프랑스",1.76,4.7,22364,"유럽"
"218",2005,"프랑스",1.88,4.2,34760,"유럽"
"219",2010,"프랑스",1.98,3.7,40638,"유럽"
"220",2015,"프랑스",1.98,3.5,36638,"유럽"
"221",2020,"프랑스",1.85,3,38625,"유럽"
"222",1960,"독일",2.27,38.5,0,"유럽"
"223",1965,"독일",2.47,30.2,0,"유럽"
"224",1970,"독일",2.36,22.6,2761,"유럽"
"225",1975,"독일",1.71,20.8,6236,"유럽"
"226",1980,"독일",1.51,15.5,12138,"유럽"
"227",1985,"독일",1.46,11.1,9430,"유럽"
"228",1990,"독일",1.43,8.3,22304,"유럽"
"229",1995,"독일",1.3,6,31658,"유럽"
"230",2000,"독일",1.35,4.8,23636,"유럽"
"231",2005,"독일",1.35,4.2,34507,"유럽"
"232",2010,"독일",1.36,3.7,41532,"유럽"
"233",2015,"독일",1.43,3.4,41087,"유럽"
"234",2020,"독일",1.59,3.2,45724,"유럽"
"235",1960,"그리스",2.42,41.2,520,"유럽"
"236",1965,"그리스",2.29,38,899,"유럽"
"237",1970,"그리스",2.55,33.6,1494,"유럽"
"238",1975,"그리스",2.53,25,3153,"유럽"
"239",1980,"그리스",2.42,20.8,5894,"유럽"
"240",1985,"그리스",2.06,14.7,4814,"유럽"
"241",1990,"그리스",1.53,11.5,9600,"유럽"
"242",1995,"그리스",1.38,8.4,12959,"유럽"
"243",2000,"그리스",1.31,6.6,12043,"유럽"
"244",2005,"그리스",1.29,4.5,22552,"유럽"
"245",2010,"그리스",1.42,3.5,26691,"유럽"
"246",2015,"그리스",1.34,3.3,18050,"유럽"
"247",2020,"그리스",1.3,2.8,17676,"유럽"
"248",1960,"헝가리",2.32,54.7,0,"유럽"
"249",1965,"헝가리",1.81,43,0,"유럽"
"250",1970,"헝가리",1.98,37.2,0,"유럽"
"251",1975,"헝가리",2.04,34.9,0,"유럽"
"252",1980,"헝가리",2.25,25.8,0,"유럽"
"253",1985,"헝가리",1.81,20,0,"유럽"
"254",1990,"헝가리",1.82,17,0,"유럽"
"255",1995,"헝가리",1.74,13.2,4495,"유럽"
"256",2000,"헝가리",1.38,9.6,4624,"유럽"
"257",2005,"헝가리",1.3,7.4,11201,"유럽"
"258",2010,"헝가리",1.33,5.7,13192,"유럽"
"259",2015,"헝가리",1.33,5,12707,"유럽"
"260",2020,"헝가리",1.49,4.1,15899,"유럽"
"261",1960,"아이슬란드",4.17,17.5,1415,"유럽"
"262",1965,"아이슬란드",3.94,17,2724,"유럽"
"263",1970,"아이슬란드",3.24,13.1,2576,"유럽"
"264",1975,"아이슬란드",2.87,11.9,6454,"유럽"
"265",1980,"아이슬란드",2.45,8.9,14822,"유럽"
"266",1985,"아이슬란드",2.23,6.2,12361,"유럽"
"267",1990,"아이슬란드",2.12,5.6,25385,"유럽"
"268",1995,"아이슬란드",2.19,4.8,26634,"유럽"
"269",2000,"아이슬란드",2.06,3.7,32096,"유럽"
"270",2005,"아이슬란드",1.99,2.5,56795,"유럽"
"271",2010,"아이슬란드",2.13,2,43237,"유럽"
"272",2015,"아이슬란드",1.98,1.6,52952,"유럽"
"273",2020,"아이슬란드",1.77,1.3,59261,"유럽"
"274",1960,"아일랜드",3.58,33.5,686,"유럽"
"275",1965,"아일랜드",4.01,27.7,1024,"유럽"
"276",1970,"아일랜드",3.86,22.3,1487,"유럽"
"277",1975,"아일랜드",3.73,18.1,2974,"유럽"
"278",1980,"아일랜드",3.25,14.6,6373,"유럽"
"279",1985,"아일랜드",2.83,10,6013,"유럽"
"280",1990,"아일랜드",2.26,8.3,14034,"유럽"
"281",1995,"아일랜드",1.96,6.6,19161,"유럽"
"282",2000,"아일랜드",1.9,6.1,26246,"유럽"
"283",2005,"아일랜드",1.93,5.2,50891,"유럽"
"284",2010,"아일랜드",2,3.7,48698,"유럽"
"285",2015,"아일랜드",1.97,3.4,62000,"유럽"
"286",2020,"아일랜드",1.84,2.7,83813,"유럽"
"287",1960,"이탈리아",2.29,48,804,"유럽"
"288",1965,"이탈리아",2.5,40.2,1304,"유럽"
"289",1970,"이탈리아",2.5,32.5,2107,"유럽"
"290",1975,"이탈리아",2.32,25.8,4107,"유럽"
"291",1980,"이탈리아",1.89,17.2,8457,"유럽"
"292",1985,"이탈리아",1.52,12.4,7991,"유럽"
"293",1990,"이탈리아",1.35,9.3,20826,"유럽"
"294",1995,"이탈리아",1.27,7.4,20665,"유럽"
"295",2000,"이탈리아",1.22,5.5,20088,"유럽"
"296",2005,"이탈리아",1.31,4.1,32043,"유럽"
"297",2010,"이탈리아",1.44,3.4,36001,"유럽"
"298",2015,"이탈리아",1.42,3,30230,"유럽"
"299",2020,"이탈리아",1.33,2.6,31676,"유럽"
"300",1960,"라트비아",1.95,45.3,0,"유럽"
"301",1965,"라트비아",1.88,30.2,0,"유럽"
"302",1970,"라트비아",1.84,22.3,0,"유럽"
"303",1975,"라트비아",2,20,0,"유럽"
"304",1980,"라트비아",1.89,22.8,0,"유럽"
"305",1985,"라트비아",2.03,18.5,0,"유럽"
"306",1990,"라트비아",2.16,14.6,0,"유럽"
"307",1995,"라트비아",1.63,17.5,2328,"유럽"
"308",2000,"라트비아",1.17,15.7,3358,"유럽"
"309",2005,"라트비아",1.29,9.9,7575,"유럽"
"310",2010,"라트비아",1.49,7.8,11380,"유럽"
"311",2015,"라트비아",1.5,5.2,13775,"유럽"
"312",2020,"라트비아",1.72,3.3,17620,"유럽"
"313",1960,"리투아니아",2.66,63.8,0,"유럽"
"314",1965,"리투아니아",2.43,42.6,0,"유럽"
"315",1970,"리투아니아",2.3,27,0,"유럽"
"316",1975,"리투아니아",2.3,22,0,"유럽"
"317",1980,"리투아니아",2.1,22.4,0,"유럽"
"318",1985,"리투아니아",2.04,18.3,0,"유럽"
"319",1990,"리투아니아",2.06,14.9,0,"유럽"
"320",1995,"리투아니아",1.82,16.5,2168,"유럽"
"321",2000,"리투아니아",1.47,11,3293,"유럽"
"322",2005,"리투아니아",1.28,7.7,7855,"유럽"
"323",2010,"리투아니아",1.42,6,11988,"유럽"
"324",2015,"리투아니아",1.59,4.4,14258,"유럽"
"325",2020,"리투아니아",1.67,4,19998,"유럽"
"326",1960,"룩셈부르크",2.23,36.9,2242,"유럽"
"327",1965,"룩셈부르크",2.4,29.2,2780,"유럽"
"328",1970,"룩셈부르크",2.19,20.9,4450,"유럽"
"329",1975,"룩셈부르크",1.72,17.9,9008,"유럽"
"330",1980,"룩셈부르크",1.49,13.2,17114,"유럽"
"331",1985,"룩셈부르크",1.47,12,12922,"유럽"
"332",1990,"룩셈부르크",1.47,9,34645,"유럽"
"333",1995,"룩셈부르크",1.66,7.2,52831,"유럽"
"334",2000,"룩셈부르크",1.72,4.9,48736,"유럽"
"335",2005,"룩셈부르크",1.65,5,80290,"유럽"
"336",2010,"룩셈부르크",1.62,2.3,104965,"유럽"
"337",2015,"룩셈부르크",1.55,3.4,101376,"유럽"
"338",2020,"룩셈부르크",1.45,2.9,115874,"유럽"
"339",1960,"네덜란드",3.1,18.2,1069,"유럽"
"340",1965,"네덜란드",3.17,15.6,1708,"유럽"
"341",1970,"네덜란드",2.79,13.3,2927,"유럽"
"342",1975,"네덜란드",2.1,11,7336,"유럽"
"343",1980,"네덜란드",1.6,9.2,13792,"유럽"
"344",1985,"네덜란드",1.51,8.3,9926,"유럽"
"345",1990,"네덜란드",1.55,7.3,21291,"유럽"
"346",1995,"네덜란드",1.59,6.2,29258,"유럽"
"347",2000,"네덜란드",1.6,5.3,26149,"유럽"
"348",2005,"네덜란드",1.74,4.9,41979,"유럽"
"349",2010,"네덜란드",1.75,4.1,50950,"유럽"
"350",2015,"네덜란드",1.73,3.5,45175,"유럽"
"351",2020,"네덜란드",1.66,2.5,52304,"유럽"
"352",1960,"노르웨이",2.84,18.7,1442,"유럽"
"353",1965,"노르웨이",2.9,16.6,2164,"유럽"
"354",1970,"노르웨이",2.8,13.5,3306,"유럽"
"355",1975,"노르웨이",2.35,11.1,8204,"유럽"
"356",1980,"노르웨이",1.81,8.8,15772,"유럽"
"357",1985,"노르웨이",1.69,8,15754,"유럽"
"358",1990,"노르웨이",1.8,8,28243,"유럽"
"359",1995,"노르웨이",1.89,5.5,34876,"유럽"
"360",2000,"노르웨이",1.86,4,38131,"유럽"
"361",2005,"노르웨이",1.81,3.5,66810,"유럽"
"362",2010,"노르웨이",1.92,3,87694,"유럽"
"363",2015,"노르웨이",1.82,2.4,74356,"유럽"
"364",2020,"노르웨이",1.68,2.1,67294,"유럽"
"365",1960,"폴란드",3.47,59.2,0,"유럽"
"366",1965,"폴란드",2.72,49.7,0,"유럽"
"367",1970,"폴란드",2.33,36.4,0,"유럽"
"368",1975,"폴란드",2.23,31.7,0,"유럽"
"369",1980,"폴란드",2.23,27.3,0,"유럽"
"370",1985,"폴란드",2.31,23.7,0,"유럽"
"371",1990,"폴란드",2.16,20.3,1731,"유럽"
"372",1995,"폴란드",1.95,16.3,3687,"유럽"
"373",2000,"폴란드",1.51,10.1,4501,"유럽"
"374",2005,"폴란드",1.26,7.1,8022,"유럽"
"375",2010,"폴란드",1.37,5.7,12613,"유럽"
"376",2015,"폴란드",1.33,4.4,12578,"유럽"
"377",2020,"폴란드",1.42,3.3,15656,"유럽"
"378",1960,"포르투갈",3.12,87.6,360,"유럽"
"379",1965,"포르투갈",3.19,77.4,521,"유럽"
"380",1970,"포르투갈",3.12,60.8,934,"유럽"
"381",1975,"포르투갈",2.83,45.3,2128,"유럽"
"382",1980,"포르투갈",2.55,29.8,3368,"유럽"
"383",1985,"포르투갈",2.01,19.5,2705,"유럽"
"384",1990,"포르투갈",1.62,13.8,7885,"유럽"
"385",1995,"포르투갈",1.48,9.1,11781,"유럽"
"386",2000,"포르투갈",1.46,6.4,11498,"유럽"
"387",2005,"포르투갈",1.45,4.5,18773,"유럽"
"388",2010,"포르투갈",1.37,3.3,22499,"유럽"
"389",2015,"포르투갈",1.28,2.9,19242,"유럽"
"390",2020,"포르투갈",1.29,3,22440,"유럽"
"391",1960,"슬로바키아",3.24,38.1,0,"유럽"
"392",1965,"슬로바키아",2.91,26.5,0,"유럽"
"393",1970,"슬로바키아",2.54,25.3,0,"유럽"
"394",1975,"슬로바키아",2.51,24.6,0,"유럽"
"395",1980,"슬로바키아",2.46,22.2,0,"유럽"
"396",1985,"슬로바키아",2.27,17.9,0,"유럽"
"397",1990,"슬로바키아",2.15,13.9,2406,"유럽"
"398",1995,"슬로바키아",1.87,11.6,4819,"유럽"
"399",2000,"슬로바키아",1.4,9,5413,"유럽"
"400",2005,"슬로바키아",1.22,7.3,11686,"유럽"
"401",2010,"슬로바키아",1.32,6.2,16751,"유럽"
"402",2015,"슬로바키아",1.38,5.4,16311,"유럽"
"403",2020,"슬로바키아",1.5,4.8,19157,"유럽"
"404",1960,"슬로베니아",2.38,18.7,0,"유럽"
"405",1965,"슬로베니아",2.34,16.6,0,"유럽"
"406",1970,"슬로베니아",2.27,16.6,0,"유럽"
"407",1975,"슬로베니아",2.2,15.5,0,"유럽"
"408",1980,"슬로베니아",2.16,13.8,0,"유럽"
"409",1985,"슬로베니아",1.93,13.4,0,"유럽"
"410",1990,"슬로베니아",1.65,10.2,0,"유럽"
"411",1995,"슬로베니아",1.33,7.3,10730,"유럽"
"412",2000,"슬로베니아",1.25,4.9,10201,"유럽"
"413",2005,"슬로베니아",1.21,4,18099,"유럽"
"414",2010,"슬로베니아",1.44,3.2,23510,"유럽"
"415",2015,"슬로베니아",1.58,2.2,20882,"유럽"
"416",2020,"슬로베니아",1.6,1.9,25180,"유럽"
"417",1960,"스페인",2.7,51,396,"유럽"
"418",1965,"스페인",2.81,42.2,775,"유럽"
"419",1970,"스페인",2.84,33,1212,"유럽"
"420",1975,"스페인",2.85,22.7,3210,"유럽"
"421",1980,"스페인",2.55,15.4,6209,"유럽"
"422",1985,"스페인",1.88,10.7,4700,"유럽"
"423",1990,"스페인",1.46,8.3,13805,"유럽"
"424",1995,"스페인",1.28,6.6,15472,"유럽"
"425",2000,"스페인",1.19,4.9,14713,"유럽"
"426",2005,"스페인",1.28,4,26419,"유럽"
"427",2010,"스페인",1.45,3.4,30503,"유럽"
"428",2015,"스페인",1.33,2.9,25732,"유럽"
"429",2020,"스페인",1.33,2.3,27057,"유럽"
"430",1960,"스웨덴",2.25,16.8,2114,"유럽"
"431",1965,"스웨덴",2.31,15.4,3206,"유럽"
"432",1970,"스웨덴",2.17,12.3,4736,"유럽"
"433",1975,"스웨덴",1.91,10.2,10117,"유럽"
"434",1980,"스웨덴",1.66,7.8,17098,"유럽"
"435",1985,"스웨덴",1.64,6.8,13667,"유럽"
"436",1990,"스웨덴",1.91,6.1,30594,"유럽"
"437",1995,"스웨덴",2.01,5.1,30283,"유럽"
"438",2000,"스웨덴",1.56,3.6,29625,"유럽"
"439",2005,"스웨덴",1.67,3.2,43437,"유럽"
"440",2010,"스웨덴",1.89,2.6,52869,"유럽"
"441",2015,"스웨덴",1.9,2.4,51545,"유럽"
"442",2020,"스웨덴",1.85,2,51926,"유럽"
"443",1960,"스위스",2.39,23.5,1787,"유럽"
"444",1965,"스위스",2.6,20.9,2620,"유럽"
"445",1970,"스위스",2.36,16.8,0,"유럽"
"446",1975,"스위스",1.87,13.7,0,"유럽"
"447",1980,"스위스",1.54,9.7,19410,"유럽"
"448",1985,"스위스",1.54,7.8,17167,"유럽"
"449",1990,"스위스",1.55,7,39608,"유럽"
"450",1995,"스위스",1.54,6.1,50156,"유럽"
"451",2000,"스위스",1.48,4.8,38952,"유럽"
"452",2005,"스위스",1.41,4.6,56547,"유럽"
"453",2010,"스위스",1.47,4.2,77117,"유럽"
"454",2015,"스위스",1.53,3.9,84776,"유럽"
"455",2020,"스위스",1.54,3.4,86602,"유럽"
"456",1960,"영국",2.49,24,1398,"유럽"
"457",1965,"영국",2.81,21.9,1874,"유럽"
"458",1970,"영국",2.57,18.8,2348,"유럽"
"459",1975,"영국",2.01,17,4300,"유럽"
"460",1980,"영국",1.73,13.8,10032,"유럽"
"461",1985,"영국",1.78,10.6,8652,"유럽"
"462",1990,"영국",1.84,9,19095,"유럽"
"463",1995,"영국",1.78,6.7,23124,"유럽"
"464",2000,"영국",1.74,5.8,28156,"유럽"
"465",2005,"영국",1.66,5.3,41933,"유럽"
"466",2010,"영국",1.86,4.8,39537,"유럽"
"467",2015,"영국",1.87,4.1,45039,"유럽"
"468",2020,"영국",1.75,3.8,40285,"유럽"
"469",1960,"오스트레일리아",3.41,21.4,1808,"오세아니아"
"470",1965,"오스트레일리아",3.27,19.5,2278,"오세아니아"
"471",1970,"오스트레일리아",2.87,18.2,3300,"오세아니아"
"472",1975,"오스트레일리아",2.54,16.4,6994,"오세아니아"
"473",1980,"오스트레일리아",1.99,12.3,10194,"오세아니아"
"474",1985,"오스트레일리아",1.91,10,11438,"오세아니아"
"475",1990,"오스트레일리아",1.86,8.7,18212,"오세아니아"
"476",1995,"오스트레일리아",1.86,6.5,20320,"오세아니아"
"477",2000,"오스트레일리아",1.79,5.5,21679,"오세아니아"
"478",2005,"오스트레일리아",1.77,4.9,33999,"오세아니아"
"479",2010,"오스트레일리아",1.95,4.4,52022,"오세아니아"
"480",2015,"오스트레일리아",1.89,3.6,56756,"오세아니아"
"481",2020,"오스트레일리아",1.83,3.1,51812,"오세아니아"
"482",1960,"뉴질랜드",4.07,23.9,2313,"오세아니아"
"483",1965,"뉴질랜드",3.85,20.6,2151,"오세아니아"
"484",1970,"뉴질랜드",3.35,17.9,0,"오세아니아"
"485",1975,"뉴질랜드",2.84,16,4172,"오세아니아"
"486",1980,"뉴질랜드",2.18,13.6,7467,"오세아니아"
"487",1985,"뉴질랜드",1.97,11.8,7601,"오세아니아"
"488",1990,"뉴질랜드",2.03,10.5,13663,"오세아니아"
"489",1995,"뉴질랜드",2.07,7.4,17400,"오세아니아"
"490",2000,"뉴질랜드",1.95,6.2,13641,"오세아니아"
"491",2005,"뉴질랜드",1.95,5.4,27751,"오세아니아"
"492",2010,"뉴질랜드",2.14,5,33677,"오세아니아"
"493",2015,"뉴질랜드",2.04,4.4,38631,"오세아니아"
"494",2020,"뉴질랜드",1.9,3.8,41792,"오세아니아"
